time,Currency,Price
2023-05-04 23:39:09.423391,BTCUSDT,28865.86000000
2023-05-04 23:39:09.638676,ETHUSDT,1875.30000000
2023-05-04 23:39:09.855764,BTCUSDT,28865.86000000
2023-05-04 23:39:10.069411,ETHUSDT,1875.30000000
2023-05-04 23:39:10.283947,BTCUSDT,28865.86000000
2023-05-04 23:39:10.495272,ETHUSDT,1875.39000000
2023-05-04 23:39:10.708122,BTCUSDT,28865.86000000
2023-05-04 23:39:10.924065,ETHUSDT,1875.40000000
2023-05-04 23:39:11.142669,BTCUSDT,28865.86000000
2023-05-04 23:39:11.359218,ETHUSDT,1875.40000000
2023-05-04 23:39:11.575744,BTCUSDT,28865.86000000
2023-05-04 23:39:11.794926,ETHUSDT,1875.42000000
2023-05-04 23:39:12.010047,BTCUSDT,28865.86000000
2023-05-04 23:39:12.226679,ETHUSDT,1875.41000000
2023-05-04 23:39:12.432302,BTCUSDT,28865.87000000
2023-05-04 23:39:12.642252,ETHUSDT,1875.41000000
2023-05-04 23:39:13.154321,BTCUSDT,28865.87000000
2023-05-04 23:39:13.370758,ETHUSDT,1875.42000000
2023-05-04 23:39:13.579575,BTCUSDT,28865.86000000
2023-05-04 23:39:13.787215,ETHUSDT,1875.42000000
2023-05-04 23:39:13.999528,BTCUSDT,28865.87000000
2023-05-04 23:39:14.521671,ETHUSDT,1875.49000000
2023-05-04 23:39:14.739393,BTCUSDT,28877.50000000
2023-05-04 23:39:14.952168,ETHUSDT,1876.02000000
2023-05-04 23:39:15.159714,BTCUSDT,28879.99000000
2023-05-04 23:39:15.365806,ETHUSDT,1876.20000000
2023-05-04 23:39:15.587894,BTCUSDT,28879.99000000
2023-05-04 23:39:15.811080,ETHUSDT,1876.19000000
2023-05-04 23:39:16.025629,BTCUSDT,28879.99000000
2023-05-04 23:39:16.243566,ETHUSDT,1876.21000000
2023-05-04 23:39:16.459181,BTCUSDT,28879.99000000
2023-05-04 23:39:16.680333,ETHUSDT,1876.24000000
2023-05-04 23:39:16.902546,BTCUSDT,28879.99000000
2023-05-04 23:39:17.123380,ETHUSDT,1876.24000000
2023-05-04 23:39:17.330636,BTCUSDT,28879.99000000
2023-05-04 23:39:17.544304,ETHUSDT,1876.24000000
2023-05-04 23:39:17.756061,BTCUSDT,28880.00000000
2023-05-04 23:39:17.968779,ETHUSDT,1876.25000000
2023-05-04 23:39:18.178586,BTCUSDT,28879.99000000
2023-05-04 23:39:18.397949,ETHUSDT,1876.25000000
2023-05-04 23:39:18.615293,BTCUSDT,28879.99000000
2023-05-04 23:39:18.842115,ETHUSDT,1876.25000000
2023-05-04 23:39:19.058449,BTCUSDT,28879.99000000
2023-05-04 23:39:19.271169,ETHUSDT,1876.27000000
2023-05-04 23:39:19.482229,BTCUSDT,28878.38000000
2023-05-04 23:39:19.698214,ETHUSDT,1876.18000000
2023-05-04 23:39:19.910435,BTCUSDT,28877.48000000
2023-05-04 23:39:20.132603,ETHUSDT,1876.12000000
2023-05-04 23:39:20.352374,BTCUSDT,28876.05000000
2023-05-04 23:39:20.573686,ETHUSDT,1876.12000000
2023-05-04 23:39:20.787734,BTCUSDT,28876.05000000
2023-05-04 23:39:21.007017,ETHUSDT,1876.12000000
2023-05-04 23:39:21.533082,BTCUSDT,28876.05000000
2023-05-04 23:39:21.752968,ETHUSDT,1876.12000000
2023-05-04 23:39:21.964834,BTCUSDT,28876.05000000
2023-05-04 23:39:22.185768,ETHUSDT,1876.09000000
2023-05-04 23:39:22.406166,BTCUSDT,28876.05000000
2023-05-04 23:39:22.618894,ETHUSDT,1876.09000000
2023-05-04 23:39:22.831694,BTCUSDT,28876.05000000
2023-05-04 23:39:23.052938,ETHUSDT,1876.02000000
2023-05-04 23:39:23.270797,BTCUSDT,28872.79000000
2023-05-04 23:39:23.491420,ETHUSDT,1876.01000000
2023-05-04 23:39:23.711145,BTCUSDT,28872.79000000
2023-05-04 23:39:23.921346,ETHUSDT,1876.01000000
2023-05-04 23:39:24.437735,BTCUSDT,28872.79000000
2023-05-04 23:39:24.650289,ETHUSDT,1876.01000000
2023-05-04 23:39:24.872835,BTCUSDT,28872.79000000
2023-05-04 23:39:25.082172,ETHUSDT,1876.01000000
2023-05-04 23:39:25.314929,BTCUSDT,28872.79000000
2023-05-04 23:39:25.530943,ETHUSDT,1876.01000000
2023-05-04 23:39:25.742657,BTCUSDT,28872.79000000
2023-05-04 23:39:25.958161,ETHUSDT,1876.00000000
2023-05-04 23:39:26.177231,BTCUSDT,28872.29000000
2023-05-04 23:39:26.397376,ETHUSDT,1876.01000000
2023-05-04 23:39:26.613205,BTCUSDT,28872.30000000
2023-05-04 23:39:26.831814,ETHUSDT,1876.01000000
2023-05-04 23:39:27.048114,BTCUSDT,28872.30000000
2023-05-04 23:39:27.259536,ETHUSDT,1876.01000000
2023-05-04 23:39:27.480429,BTCUSDT,28872.30000000
2023-05-04 23:39:27.684422,ETHUSDT,1876.01000000
2023-05-04 23:39:27.890616,BTCUSDT,28872.30000000
2023-05-04 23:39:28.108702,ETHUSDT,1876.01000000
2023-05-04 23:39:28.327814,BTCUSDT,28871.49000000
2023-05-04 23:39:28.546946,ETHUSDT,1876.01000000
2023-05-04 23:39:28.764126,BTCUSDT,28871.50000000
2023-05-04 23:39:28.979528,ETHUSDT,1876.00000000
2023-05-04 23:39:29.187258,BTCUSDT,28870.23000000
2023-05-04 23:39:29.402392,ETHUSDT,1876.00000000
2023-05-04 23:39:29.623231,BTCUSDT,28869.25000000
2023-05-04 23:39:29.834029,ETHUSDT,1875.94000000
2023-05-04 23:39:30.048715,BTCUSDT,28869.24000000
2023-05-04 23:39:30.269215,ETHUSDT,1875.94000000
2023-05-04 23:39:30.488729,BTCUSDT,28869.24000000
2023-05-04 23:39:30.700289,ETHUSDT,1875.94000000
2023-05-04 23:39:30.906573,BTCUSDT,28869.24000000
2023-05-04 23:39:31.125635,ETHUSDT,1875.94000000
2023-05-04 23:39:31.671388,BTCUSDT,28869.25000000
2023-05-04 23:39:31.890421,ETHUSDT,1875.94000000
2023-05-04 23:39:32.108926,BTCUSDT,28869.25000000
2023-05-04 23:39:32.315524,ETHUSDT,1875.94000000
2023-05-04 23:39:32.522718,BTCUSDT,28869.24000000
2023-05-04 23:39:32.730384,ETHUSDT,1875.94000000
2023-05-04 23:39:32.940866,BTCUSDT,28869.24000000
2023-05-04 23:39:33.512120,ETHUSDT,1875.93000000
2023-05-04 23:39:33.723597,BTCUSDT,28869.24000000
2023-05-04 23:39:33.939004,ETHUSDT,1875.93000000
2023-05-04 23:39:34.536209,BTCUSDT,28869.24000000
2023-05-04 23:39:34.750259,ETHUSDT,1875.94000000
2023-05-04 23:39:35.284110,BTCUSDT,28869.19000000
2023-05-04 23:39:35.503565,ETHUSDT,1875.93000000
2023-05-04 23:39:36.009616,BTCUSDT,28869.01000000
2023-05-04 23:39:36.532651,ETHUSDT,1875.93000000
2023-05-04 23:39:36.750509,BTCUSDT,28869.00000000
2023-05-04 23:39:36.978420,ETHUSDT,1875.93000000
2023-05-04 23:39:37.506564,BTCUSDT,28868.99000000
2023-05-04 23:39:37.726449,ETHUSDT,1875.94000000
2023-05-04 23:39:37.943928,BTCUSDT,28868.99000000
2023-05-04 23:39:38.162095,ETHUSDT,1875.94000000
2023-05-04 23:39:38.388397,BTCUSDT,28868.99000000
2023-05-04 23:39:38.594157,ETHUSDT,1875.94000000
2023-05-04 23:39:38.807453,BTCUSDT,28869.00000000
2023-05-04 23:39:39.016887,ETHUSDT,1875.93000000
2023-05-04 23:39:39.242098,BTCUSDT,28869.00000000
2023-05-04 23:39:39.456397,ETHUSDT,1875.93000000
2023-05-04 23:39:39.682463,BTCUSDT,28869.00000000
2023-05-04 23:39:39.899843,ETHUSDT,1875.93000000
2023-05-04 23:39:40.123350,BTCUSDT,28869.00000000
2023-05-04 23:39:40.682733,ETHUSDT,1875.94000000
2023-05-04 23:39:40.893641,BTCUSDT,28869.00000000
2023-05-04 23:39:41.104737,ETHUSDT,1875.94000000
2023-05-04 23:39:41.318717,BTCUSDT,28869.00000000
2023-05-04 23:39:41.530267,ETHUSDT,1875.93000000
2023-05-04 23:39:41.747043,BTCUSDT,28869.00000000
2023-05-04 23:39:42.317301,ETHUSDT,1875.93000000
2023-05-04 23:39:42.541843,BTCUSDT,28872.29000000
2023-05-04 23:39:42.751665,ETHUSDT,1875.99000000
2023-05-04 23:39:42.967268,BTCUSDT,28872.29000000
2023-05-04 23:39:43.189022,ETHUSDT,1875.99000000
2023-05-04 23:39:43.407229,BTCUSDT,28872.30000000
2023-05-04 23:39:43.627423,ETHUSDT,1875.99000000
2023-05-04 23:39:43.848927,BTCUSDT,28872.30000000
2023-05-04 23:39:44.060595,ETHUSDT,1876.00000000
2023-05-04 23:39:44.283729,BTCUSDT,28872.29000000
2023-05-04 23:39:44.505473,ETHUSDT,1876.09000000
2023-05-04 23:39:44.721380,BTCUSDT,28872.29000000
2023-05-04 23:39:45.228535,ETHUSDT,1875.91000000
2023-05-04 23:39:45.444776,BTCUSDT,28868.42000000
2023-05-04 23:39:45.659164,ETHUSDT,1875.85000000
2023-05-04 23:39:45.867556,BTCUSDT,28868.42000000
2023-05-04 23:39:46.079592,ETHUSDT,1875.83000000
2023-05-04 23:39:46.292831,BTCUSDT,28867.81000000
2023-05-04 23:39:46.581252,ETHUSDT,1875.83000000
2023-05-04 23:39:46.791205,BTCUSDT,28867.81000000
2023-05-04 23:39:47.009546,ETHUSDT,1875.83000000
2023-05-04 23:39:47.218726,BTCUSDT,28867.81000000
2023-05-04 23:39:47.441615,ETHUSDT,1875.83000000
2023-05-04 23:39:47.650037,BTCUSDT,28867.81000000
2023-05-04 23:39:47.859064,ETHUSDT,1875.83000000
2023-05-04 23:39:48.075479,BTCUSDT,28867.80000000
2023-05-04 23:39:48.293642,ETHUSDT,1875.83000000
2023-05-04 23:39:48.812717,BTCUSDT,28867.80000000
2023-05-04 23:39:49.032479,ETHUSDT,1875.83000000
2023-05-04 23:39:49.245093,BTCUSDT,28867.80000000
2023-05-04 23:39:49.460383,ETHUSDT,1875.83000000
2023-05-04 23:39:49.670370,BTCUSDT,28867.81000000
2023-05-04 23:39:49.883314,ETHUSDT,1875.83000000
2023-05-04 23:39:50.104420,BTCUSDT,28867.80000000
2023-05-04 23:39:50.316444,ETHUSDT,1875.83000000
2023-05-04 23:39:50.532651,BTCUSDT,28867.06000000
2023-05-04 23:39:50.745829,ETHUSDT,1875.83000000
2023-05-04 23:39:50.966749,BTCUSDT,28867.04000000
2023-05-04 23:39:51.194460,ETHUSDT,1875.83000000
2023-05-04 23:39:51.411549,BTCUSDT,28867.04000000
2023-05-04 23:39:51.637078,ETHUSDT,1875.83000000
2023-05-04 23:39:51.842036,BTCUSDT,28867.04000000
2023-05-04 23:39:52.055252,ETHUSDT,1875.83000000
2023-05-04 23:39:52.284211,BTCUSDT,28866.99000000
2023-05-04 23:39:52.505939,ETHUSDT,1875.83000000
2023-05-04 23:39:52.717704,BTCUSDT,28866.99000000
2023-05-04 23:39:52.928534,ETHUSDT,1875.83000000
2023-05-04 23:39:53.137155,BTCUSDT,28866.99000000
2023-05-04 23:39:53.337749,ETHUSDT,1875.82000000
2023-05-04 23:39:53.553250,BTCUSDT,28866.99000000
2023-05-04 23:39:53.761149,ETHUSDT,1875.82000000
2023-05-04 23:39:53.978976,BTCUSDT,28867.00000000
2023-05-04 23:39:54.190687,ETHUSDT,1875.82000000
2023-05-04 23:39:54.716861,BTCUSDT,28870.20000000
2023-05-04 23:39:54.926326,ETHUSDT,1876.18000000
2023-05-04 23:39:55.135114,BTCUSDT,28872.75000000
2023-05-04 23:39:55.345345,ETHUSDT,1876.18000000
2023-05-04 23:39:55.562370,BTCUSDT,28872.98000000
2023-05-04 23:39:55.776038,ETHUSDT,1876.18000000
2023-05-04 23:39:55.984390,BTCUSDT,28872.98000000
2023-05-04 23:39:56.207900,ETHUSDT,1876.18000000
2023-05-04 23:39:56.422655,BTCUSDT,28872.98000000
2023-05-04 23:39:56.638437,ETHUSDT,1876.18000000
2023-05-04 23:39:56.844177,BTCUSDT,28872.98000000
2023-05-04 23:39:57.063098,ETHUSDT,1876.18000000
2023-05-04 23:39:57.278263,BTCUSDT,28872.98000000
2023-05-04 23:39:57.493483,ETHUSDT,1876.14000000
2023-05-04 23:39:57.712003,BTCUSDT,28868.41000000
2023-05-04 23:39:57.925427,ETHUSDT,1875.89000000
2023-05-04 23:39:58.143162,BTCUSDT,28868.36000000
2023-05-04 23:39:58.358476,ETHUSDT,1875.89000000
2023-05-04 23:39:58.575379,BTCUSDT,28868.36000000
2023-05-04 23:39:58.794597,ETHUSDT,1875.82000000
2023-05-04 23:39:59.297601,BTCUSDT,28868.36000000
2023-05-04 23:39:59.526360,ETHUSDT,1875.82000000
2023-05-04 23:39:59.744517,BTCUSDT,28868.36000000
2023-05-04 23:39:59.953083,ETHUSDT,1875.80000000
2023-05-04 23:40:00.182057,BTCUSDT,28868.35000000
2023-05-04 23:40:00.400627,ETHUSDT,1875.70000000
2023-05-04 23:40:00.608888,BTCUSDT,28866.00000000
2023-05-04 23:40:00.833159,ETHUSDT,1875.69000000
2023-05-04 23:40:01.043849,BTCUSDT,28866.00000000
2023-05-04 23:40:01.261203,ETHUSDT,1875.69000000
2023-05-04 23:40:01.485267,BTCUSDT,28865.99000000
2023-05-04 23:40:01.701991,ETHUSDT,1875.69000000
2023-05-04 23:40:01.915398,BTCUSDT,28865.99000000
2023-05-04 23:40:02.129403,ETHUSDT,1875.69000000
2023-05-04 23:40:02.694034,BTCUSDT,28864.78000000
2023-05-04 23:40:03.313243,ETHUSDT,1875.54000000
2023-05-04 23:40:03.528373,BTCUSDT,28864.63000000
2023-05-04 23:40:03.749924,ETHUSDT,1875.54000000
2023-05-04 23:40:03.967585,BTCUSDT,28864.62000000
2023-05-04 23:40:04.192004,ETHUSDT,1875.54000000
2023-05-04 23:40:04.409795,BTCUSDT,28864.62000000
2023-05-04 23:40:04.630928,ETHUSDT,1875.54000000
2023-05-04 23:40:04.847220,BTCUSDT,28864.62000000
2023-05-04 23:40:05.069939,ETHUSDT,1875.54000000
2023-05-04 23:40:05.289957,BTCUSDT,28864.63000000
2023-05-04 23:40:05.509829,ETHUSDT,1875.54000000
2023-05-04 23:40:05.722542,BTCUSDT,28864.62000000
2023-05-04 23:40:05.936307,ETHUSDT,1875.54000000
2023-05-04 23:40:06.142919,BTCUSDT,28864.62000000
2023-05-04 23:40:06.358891,ETHUSDT,1875.54000000
2023-05-04 23:40:06.606723,BTCUSDT,28864.08000000
2023-05-04 23:40:06.815332,ETHUSDT,1875.37000000
2023-05-04 23:40:07.027935,BTCUSDT,28861.00000000
2023-05-04 23:40:07.247163,ETHUSDT,1875.36000000
2023-05-04 23:40:07.457214,BTCUSDT,28861.00000000
2023-05-04 23:40:07.669393,ETHUSDT,1875.23000000
2023-05-04 23:40:07.869917,BTCUSDT,28860.90000000
2023-05-04 23:40:08.077997,ETHUSDT,1875.23000000
2023-05-04 23:40:08.296252,BTCUSDT,28860.89000000
2023-05-04 23:40:08.517018,ETHUSDT,1875.23000000
2023-05-04 23:40:08.731797,BTCUSDT,28860.89000000
2023-05-04 23:40:08.948729,ETHUSDT,1875.23000000
2023-05-04 23:40:09.169258,BTCUSDT,28860.89000000
2023-05-04 23:40:09.388076,ETHUSDT,1875.22000000
2023-05-04 23:40:09.600607,BTCUSDT,28860.89000000
2023-05-04 23:40:09.820764,ETHUSDT,1875.22000000
2023-05-04 23:40:10.032884,BTCUSDT,28860.89000000
2023-05-04 23:40:10.240493,ETHUSDT,1875.22000000
2023-05-04 23:40:10.455840,BTCUSDT,28860.89000000
2023-05-04 23:40:10.669141,ETHUSDT,1875.22000000
2023-05-04 23:40:10.884289,BTCUSDT,28860.89000000
2023-05-04 23:40:11.094833,ETHUSDT,1875.22000000
2023-05-04 23:40:11.305693,BTCUSDT,28860.90000000
2023-05-04 23:40:11.521370,ETHUSDT,1875.23000000
2023-05-04 23:40:11.747045,BTCUSDT,28860.90000000
2023-05-04 23:40:11.965763,ETHUSDT,1875.23000000
2023-05-04 23:40:12.179958,BTCUSDT,28860.90000000
2023-05-04 23:40:12.406982,ETHUSDT,1875.23000000
2023-05-04 23:40:12.623227,BTCUSDT,28860.90000000
2023-05-04 23:40:12.828156,ETHUSDT,1875.23000000
2023-05-04 23:40:13.036977,BTCUSDT,28860.89000000
2023-05-04 23:40:13.247700,ETHUSDT,1875.23000000
2023-05-04 23:40:13.458907,BTCUSDT,28860.90000000
2023-05-04 23:40:13.678302,ETHUSDT,1875.28000000
2023-05-04 23:40:13.896484,BTCUSDT,28860.90000000
2023-05-04 23:40:14.118870,ETHUSDT,1875.28000000
2023-05-04 23:40:14.334226,BTCUSDT,28860.90000000
2023-05-04 23:40:14.543430,ETHUSDT,1875.28000000
2023-05-04 23:40:14.759638,BTCUSDT,28860.90000000
2023-05-04 23:40:14.973966,ETHUSDT,1875.27000000
2023-05-04 23:40:15.194316,BTCUSDT,28860.90000000
2023-05-04 23:40:15.416342,ETHUSDT,1875.27000000
2023-05-04 23:40:15.619435,BTCUSDT,28860.89000000
2023-05-04 23:40:15.832841,ETHUSDT,1875.28000000
2023-05-04 23:40:16.036248,BTCUSDT,28860.89000000
2023-05-04 23:40:16.260779,ETHUSDT,1875.28000000
2023-05-04 23:40:16.476099,BTCUSDT,28860.90000000
2023-05-04 23:40:16.690335,ETHUSDT,1875.28000000
2023-05-04 23:40:16.911851,BTCUSDT,28860.89000000
2023-05-04 23:40:17.126508,ETHUSDT,1875.28000000
2023-05-04 23:40:17.345369,BTCUSDT,28860.89000000
2023-05-04 23:40:17.564188,ETHUSDT,1875.32000000
2023-05-04 23:40:17.783093,BTCUSDT,28860.90000000
2023-05-04 23:40:17.998273,ETHUSDT,1875.32000000
2023-05-04 23:40:18.207561,BTCUSDT,28860.90000000
2023-05-04 23:40:18.424516,ETHUSDT,1875.43000000
2023-05-04 23:40:18.640413,BTCUSDT,28857.31000000
2023-05-04 23:40:18.862245,ETHUSDT,1875.43000000
2023-05-04 23:40:19.077528,BTCUSDT,28857.09000000
2023-05-04 23:40:19.301896,ETHUSDT,1875.19000000
2023-05-04 23:40:19.523500,BTCUSDT,28855.22000000
2023-05-04 23:40:19.734757,ETHUSDT,1875.19000000
2023-05-04 23:40:19.954792,BTCUSDT,28855.14000000
2023-05-04 23:40:20.178270,ETHUSDT,1875.19000000
2023-05-04 23:40:20.393866,BTCUSDT,28854.94000000
2023-05-04 23:40:20.619916,ETHUSDT,1875.18000000
2023-05-04 23:40:20.834584,BTCUSDT,28854.94000000
2023-05-04 23:40:21.041456,ETHUSDT,1875.18000000
2023-05-04 23:40:21.258656,BTCUSDT,28854.73000000
2023-05-04 23:40:21.470483,ETHUSDT,1875.18000000
2023-05-04 23:40:21.680729,BTCUSDT,28854.71000000
2023-05-04 23:40:21.898533,ETHUSDT,1875.18000000
2023-05-04 23:40:22.111132,BTCUSDT,28854.70000000
2023-05-04 23:40:22.319922,ETHUSDT,1875.18000000
2023-05-04 23:40:22.543937,BTCUSDT,28854.71000000
2023-05-04 23:40:22.757249,ETHUSDT,1875.18000000
2023-05-04 23:40:22.970122,BTCUSDT,28854.71000000
2023-05-04 23:40:23.178217,ETHUSDT,1875.19000000
2023-05-04 23:40:23.394395,BTCUSDT,28854.71000000
2023-05-04 23:40:23.610379,ETHUSDT,1875.19000000
2023-05-04 23:40:23.827350,BTCUSDT,28854.70000000
2023-05-04 23:40:24.046349,ETHUSDT,1875.19000000
2023-05-04 23:40:24.261713,BTCUSDT,28854.70000000
2023-05-04 23:40:24.473908,ETHUSDT,1875.19000000
2023-05-04 23:40:24.691882,BTCUSDT,28854.71000000
2023-05-04 23:40:24.908754,ETHUSDT,1875.19000000
2023-05-04 23:40:25.125016,BTCUSDT,28854.70000000
2023-05-04 23:40:25.339385,ETHUSDT,1875.19000000
2023-05-04 23:40:25.565239,BTCUSDT,28854.70000000
2023-05-04 23:40:25.786141,ETHUSDT,1875.19000000
2023-05-04 23:40:26.005471,BTCUSDT,28854.71000000
2023-05-04 23:40:26.220335,ETHUSDT,1875.19000000
2023-05-04 23:40:26.432927,BTCUSDT,28854.71000000
2023-05-04 23:40:26.651665,ETHUSDT,1875.34000000
2023-05-04 23:40:26.868410,BTCUSDT,28857.59000000
2023-05-04 23:40:27.085638,ETHUSDT,1875.34000000
2023-05-04 23:40:27.288180,BTCUSDT,28857.78000000
2023-05-04 23:40:27.500129,ETHUSDT,1875.37000000
2023-05-04 23:40:27.708122,BTCUSDT,28860.44000000
2023-05-04 23:40:27.912978,ETHUSDT,1875.46000000
2023-05-04 23:40:28.131104,BTCUSDT,28861.58000000
2023-05-04 23:40:28.341890,ETHUSDT,1875.49000000
2023-05-04 23:40:28.561316,BTCUSDT,28863.12000000
2023-05-04 23:40:28.776811,ETHUSDT,1875.49000000
2023-05-04 23:40:28.997592,BTCUSDT,28863.12000000
2023-05-04 23:40:29.219077,ETHUSDT,1875.49000000
2023-05-04 23:40:29.431134,BTCUSDT,28863.12000000
2023-05-04 23:40:29.640778,ETHUSDT,1875.49000000
2023-05-04 23:40:29.848266,BTCUSDT,28863.11000000
2023-05-04 23:40:30.448235,ETHUSDT,1875.52000000
2023-05-04 23:40:30.666602,BTCUSDT,28863.11000000
2023-05-04 23:40:30.871425,ETHUSDT,1875.52000000
2023-05-04 23:40:31.087261,BTCUSDT,28863.11000000
2023-05-04 23:40:31.292682,ETHUSDT,1875.52000000
2023-05-04 23:40:31.502918,BTCUSDT,28863.11000000
2023-05-04 23:40:31.727381,ETHUSDT,1875.52000000
2023-05-04 23:40:31.947503,BTCUSDT,28863.11000000
2023-05-04 23:40:32.162755,ETHUSDT,1875.51000000
2023-05-04 23:40:32.377648,BTCUSDT,28863.11000000
2023-05-04 23:40:32.909996,ETHUSDT,1875.52000000
2023-05-04 23:40:33.126348,BTCUSDT,28863.11000000
2023-05-04 23:40:33.345020,ETHUSDT,1875.52000000
2023-05-04 23:40:33.929112,BTCUSDT,28863.11000000
2023-05-04 23:40:34.147284,ETHUSDT,1875.52000000
2023-05-04 23:40:34.357920,BTCUSDT,28863.11000000
2023-05-04 23:40:34.567745,ETHUSDT,1875.52000000
2023-05-04 23:40:34.786581,BTCUSDT,28863.11000000
2023-05-04 23:40:35.008317,ETHUSDT,1875.52000000
2023-05-04 23:40:35.219684,BTCUSDT,28863.01000000
2023-05-04 23:40:35.435308,ETHUSDT,1875.46000000
2023-05-04 23:40:35.648100,BTCUSDT,28861.60000000
2023-05-04 23:40:36.182972,ETHUSDT,1875.27000000
2023-05-04 23:40:36.393830,BTCUSDT,28861.59000000
2023-05-04 23:40:36.600199,ETHUSDT,1875.34000000
2023-05-04 23:40:36.819948,BTCUSDT,28861.59000000
2023-05-04 23:40:37.034480,ETHUSDT,1875.40000000
2023-05-04 23:40:37.245754,BTCUSDT,28861.59000000
2023-05-04 23:40:37.466497,ETHUSDT,1875.40000000
2023-05-04 23:40:37.686648,BTCUSDT,28862.52000000
2023-05-04 23:40:37.891876,ETHUSDT,1875.48000000
2023-05-04 23:40:38.107871,BTCUSDT,28862.52000000
2023-05-04 23:40:38.325820,ETHUSDT,1875.51000000
2023-05-04 23:40:38.536802,BTCUSDT,28862.52000000
2023-05-04 23:40:38.757706,ETHUSDT,1875.51000000
2023-05-04 23:40:38.969754,BTCUSDT,28862.53000000
2023-05-04 23:40:39.189698,ETHUSDT,1875.51000000
2023-05-04 23:40:39.406650,BTCUSDT,28863.50000000
2023-05-04 23:40:39.633956,ETHUSDT,1875.66000000
2023-05-04 23:40:39.842863,BTCUSDT,28863.50000000
2023-05-04 23:40:40.067839,ETHUSDT,1875.66000000
2023-05-04 23:40:40.281479,BTCUSDT,28863.50000000
2023-05-04 23:40:40.891070,ETHUSDT,1875.66000000
2023-05-04 23:40:41.102834,BTCUSDT,28863.73000000
2023-05-04 23:40:41.321533,ETHUSDT,1875.68000000
2023-05-04 23:40:41.544717,BTCUSDT,28863.73000000
2023-05-04 23:40:41.753719,ETHUSDT,1875.68000000
2023-05-04 23:40:41.969518,BTCUSDT,28863.72000000
2023-05-04 23:40:42.187922,ETHUSDT,1875.68000000
2023-05-04 23:40:42.405391,BTCUSDT,28863.72000000
2023-05-04 23:40:42.612429,ETHUSDT,1875.68000000
2023-05-04 23:40:42.811992,BTCUSDT,28863.72000000
2023-05-04 23:40:43.026640,ETHUSDT,1875.68000000
2023-05-04 23:40:43.249731,BTCUSDT,28863.72000000
2023-05-04 23:40:43.462855,ETHUSDT,1875.68000000
2023-05-04 23:40:43.686505,BTCUSDT,28863.72000000
2023-05-04 23:40:44.274058,ETHUSDT,1875.68000000
2023-05-04 23:40:44.500831,BTCUSDT,28863.73000000
2023-05-04 23:40:44.710467,ETHUSDT,1875.68000000
2023-05-04 23:40:44.929604,BTCUSDT,28863.73000000
2023-05-04 23:40:45.145473,ETHUSDT,1875.67000000
2023-05-04 23:40:45.357869,BTCUSDT,28863.73000000
2023-05-04 23:40:45.600160,ETHUSDT,1875.67000000
2023-05-04 23:40:45.820041,BTCUSDT,28863.73000000
2023-05-04 23:40:46.052467,ETHUSDT,1875.67000000
2023-05-04 23:40:46.270560,BTCUSDT,28863.72000000
2023-05-04 23:40:46.493213,ETHUSDT,1875.67000000
2023-05-04 23:40:46.713063,BTCUSDT,28863.72000000
2023-05-04 23:40:46.926602,ETHUSDT,1875.68000000
2023-05-04 23:40:47.142491,BTCUSDT,28863.72000000
2023-05-04 23:40:47.355260,ETHUSDT,1875.68000000
2023-05-04 23:40:47.570324,BTCUSDT,28863.72000000
2023-05-04 23:40:47.782049,ETHUSDT,1875.68000000
2023-05-04 23:40:47.997174,BTCUSDT,28863.72000000
2023-05-04 23:40:48.216974,ETHUSDT,1875.68000000
2023-05-04 23:40:48.431145,BTCUSDT,28863.73000000
2023-05-04 23:40:48.648632,ETHUSDT,1875.69000000
2023-05-04 23:40:48.863635,BTCUSDT,28863.72000000
2023-05-04 23:40:49.080576,ETHUSDT,1875.69000000
2023-05-04 23:40:49.296824,BTCUSDT,28863.72000000
2023-05-04 23:40:49.507659,ETHUSDT,1875.70000000
2023-05-04 23:40:49.716091,BTCUSDT,28863.72000000
2023-05-04 23:40:49.922388,ETHUSDT,1875.70000000
2023-05-04 23:40:50.138480,BTCUSDT,28863.72000000
2023-05-04 23:40:50.351599,ETHUSDT,1875.70000000
2023-05-04 23:40:50.566725,BTCUSDT,28863.72000000
2023-05-04 23:40:50.779834,ETHUSDT,1875.70000000
2023-05-04 23:40:51.014870,BTCUSDT,28863.73000000
2023-05-04 23:40:51.236589,ETHUSDT,1875.70000000
2023-05-04 23:40:51.447617,BTCUSDT,28863.73000000
2023-05-04 23:40:51.665313,ETHUSDT,1875.70000000
2023-05-04 23:40:51.884041,BTCUSDT,28863.10000000
2023-05-04 23:40:52.107139,ETHUSDT,1875.73000000
2023-05-04 23:40:52.328280,BTCUSDT,28863.10000000
2023-05-04 23:40:52.550347,ETHUSDT,1875.73000000
2023-05-04 23:40:52.764337,BTCUSDT,28863.11000000
2023-05-04 23:40:52.970000,ETHUSDT,1875.73000000
2023-05-04 23:40:53.181835,BTCUSDT,28863.11000000
2023-05-04 23:40:53.409478,ETHUSDT,1875.73000000
2023-05-04 23:40:53.629153,BTCUSDT,28863.11000000
2023-05-04 23:40:53.843938,ETHUSDT,1875.73000000
2023-05-04 23:40:54.061100,BTCUSDT,28862.34000000
2023-05-04 23:40:54.279814,ETHUSDT,1875.73000000
2023-05-04 23:40:54.490926,BTCUSDT,28862.34000000
2023-05-04 23:40:54.712300,ETHUSDT,1875.73000000
2023-05-04 23:40:54.931243,BTCUSDT,28862.34000000
2023-05-04 23:40:55.145692,ETHUSDT,1875.73000000
2023-05-04 23:40:55.358620,BTCUSDT,28861.90000000
2023-05-04 23:40:55.578578,ETHUSDT,1875.73000000
2023-05-04 23:40:55.791701,BTCUSDT,28861.84000000
2023-05-04 23:40:56.007251,ETHUSDT,1875.73000000
2023-05-04 23:40:56.224113,BTCUSDT,28861.59000000
2023-05-04 23:40:56.444761,ETHUSDT,1875.73000000
2023-05-04 23:40:56.659715,BTCUSDT,28861.59000000
2023-05-04 23:40:56.880457,ETHUSDT,1875.73000000
2023-05-04 23:40:57.101810,BTCUSDT,28861.58000000
2023-05-04 23:40:57.315722,ETHUSDT,1875.72000000
2023-05-04 23:40:57.532073,BTCUSDT,28860.66000000
2023-05-04 23:40:57.742257,ETHUSDT,1875.72000000
2023-05-04 23:40:57.955924,BTCUSDT,28860.66000000
2023-05-04 23:40:58.174620,ETHUSDT,1875.72000000
2023-05-04 23:40:58.391564,BTCUSDT,28860.65000000
2023-05-04 23:40:58.612642,ETHUSDT,1875.72000000
2023-05-04 23:40:58.833478,BTCUSDT,28860.50000000
2023-05-04 23:40:59.057311,ETHUSDT,1875.72000000
2023-05-04 23:40:59.270622,BTCUSDT,28860.51000000
2023-05-04 23:40:59.487323,ETHUSDT,1875.72000000
2023-05-04 23:40:59.693570,BTCUSDT,28860.50000000
2023-05-04 23:40:59.907616,ETHUSDT,1875.72000000
2023-05-04 23:41:00.121979,BTCUSDT,28860.51000000
2023-05-04 23:41:00.341194,ETHUSDT,1875.73000000
2023-05-04 23:41:00.560018,BTCUSDT,28860.51000000
2023-05-04 23:41:00.781369,ETHUSDT,1875.73000000
2023-05-04 23:41:01.002002,BTCUSDT,28860.50000000
2023-05-04 23:41:01.220445,ETHUSDT,1875.73000000
2023-05-04 23:41:01.429628,BTCUSDT,28860.50000000
2023-05-04 23:41:01.638798,ETHUSDT,1875.73000000
2023-05-04 23:41:01.869802,BTCUSDT,28860.50000000
2023-05-04 23:41:02.090770,ETHUSDT,1875.73000000
2023-05-04 23:41:02.303638,BTCUSDT,28860.50000000
2023-05-04 23:41:02.519326,ETHUSDT,1875.73000000
2023-05-04 23:41:02.737224,BTCUSDT,28860.50000000
2023-05-04 23:41:02.950464,ETHUSDT,1875.73000000
2023-05-04 23:41:03.165437,BTCUSDT,28860.50000000
2023-05-04 23:41:03.373142,ETHUSDT,1875.73000000
2023-05-04 23:41:03.586974,BTCUSDT,28860.50000000
2023-05-04 23:41:03.806816,ETHUSDT,1875.73000000
2023-05-04 23:41:04.022724,BTCUSDT,28860.51000000
2023-05-04 23:41:04.241886,ETHUSDT,1875.73000000
2023-05-04 23:41:04.459901,BTCUSDT,28860.51000000
2023-05-04 23:41:04.681788,ETHUSDT,1875.73000000
2023-05-04 23:41:04.884368,BTCUSDT,28860.50000000
2023-05-04 23:41:05.108474,ETHUSDT,1875.72000000
2023-05-04 23:41:05.322584,BTCUSDT,28860.50000000
2023-05-04 23:41:05.541787,ETHUSDT,1875.73000000
2023-05-04 23:41:05.756280,BTCUSDT,28860.50000000
2023-05-04 23:41:05.971618,ETHUSDT,1875.73000000
2023-05-04 23:41:06.191572,BTCUSDT,28860.50000000
2023-05-04 23:41:06.411235,ETHUSDT,1875.73000000
2023-05-04 23:41:06.639810,BTCUSDT,28860.50000000
2023-05-04 23:41:06.856702,ETHUSDT,1875.73000000
2023-05-04 23:41:07.076042,BTCUSDT,28860.50000000
2023-05-04 23:41:07.302506,ETHUSDT,1876.00000000
2023-05-04 23:41:07.520374,BTCUSDT,28868.00000000
2023-05-04 23:41:07.732496,ETHUSDT,1876.19000000
2023-05-04 23:41:07.943819,BTCUSDT,28869.19000000
2023-05-04 23:41:08.165208,ETHUSDT,1876.30000000
2023-05-04 23:41:08.386287,BTCUSDT,28872.87000000
2023-05-04 23:41:08.595995,ETHUSDT,1876.31000000
2023-05-04 23:41:08.813767,BTCUSDT,28875.00000000
2023-05-04 23:41:09.037561,ETHUSDT,1876.31000000
2023-05-04 23:41:09.255068,BTCUSDT,28875.00000000
2023-05-04 23:41:09.467255,ETHUSDT,1876.31000000
2023-05-04 23:41:09.676446,BTCUSDT,28875.00000000
2023-05-04 23:41:09.896737,ETHUSDT,1876.30000000
2023-05-04 23:41:10.107953,BTCUSDT,28875.00000000
2023-05-04 23:41:10.324559,ETHUSDT,1876.30000000
2023-05-04 23:41:10.531007,BTCUSDT,28875.00000000
2023-05-04 23:41:10.750766,ETHUSDT,1876.30000000
2023-05-04 23:41:10.970183,BTCUSDT,28875.00000000
2023-05-04 23:41:11.184547,ETHUSDT,1876.31000000
2023-05-04 23:41:11.394597,BTCUSDT,28874.99000000
2023-05-04 23:41:11.615777,ETHUSDT,1876.31000000
2023-05-04 23:41:11.830419,BTCUSDT,28874.99000000
2023-05-04 23:41:12.048510,ETHUSDT,1876.31000000
2023-05-04 23:41:12.265206,BTCUSDT,28874.99000000
2023-05-04 23:41:12.481947,ETHUSDT,1876.31000000
2023-05-04 23:41:12.696266,BTCUSDT,28875.00000000
2023-05-04 23:41:12.899138,ETHUSDT,1876.31000000
2023-05-04 23:41:13.118194,BTCUSDT,28874.99000000
2023-05-04 23:41:13.659475,ETHUSDT,1876.30000000
2023-05-04 23:41:13.869113,BTCUSDT,28874.99000000
2023-05-04 23:41:14.081242,ETHUSDT,1876.30000000
2023-05-04 23:41:14.296470,BTCUSDT,28874.99000000
2023-05-04 23:41:14.513800,ETHUSDT,1876.30000000
2023-05-04 23:41:14.717828,BTCUSDT,28874.99000000
2023-05-04 23:41:14.935032,ETHUSDT,1876.30000000
2023-05-04 23:41:15.142016,BTCUSDT,28875.00000000
2023-05-04 23:41:15.354410,ETHUSDT,1876.31000000
2023-05-04 23:41:15.579017,BTCUSDT,28875.00000000
2023-05-04 23:41:15.795780,ETHUSDT,1876.30000000
2023-05-04 23:41:16.005265,BTCUSDT,28874.99000000
2023-05-04 23:41:16.224362,ETHUSDT,1876.30000000
2023-05-04 23:41:16.458913,BTCUSDT,28875.00000000
2023-05-04 23:41:16.680614,ETHUSDT,1876.30000000
2023-05-04 23:41:16.899802,BTCUSDT,28874.99000000
2023-05-04 23:41:17.117797,ETHUSDT,1876.30000000
2023-05-04 23:41:17.333687,BTCUSDT,28874.99000000
2023-05-04 23:41:17.556297,ETHUSDT,1876.31000000
2023-05-04 23:41:17.776275,BTCUSDT,28875.00000000
2023-05-04 23:41:17.991594,ETHUSDT,1876.31000000
2023-05-04 23:41:18.206347,BTCUSDT,28875.00000000
2023-05-04 23:41:18.409632,ETHUSDT,1876.31000000
2023-05-04 23:41:18.621752,BTCUSDT,28874.99000000
2023-05-04 23:41:18.846288,ETHUSDT,1876.31000000
2023-05-04 23:41:19.067295,BTCUSDT,28874.99000000
2023-05-04 23:41:19.290409,ETHUSDT,1876.30000000
2023-05-04 23:41:19.513404,BTCUSDT,28874.99000000
2023-05-04 23:41:19.725256,ETHUSDT,1876.31000000
2023-05-04 23:41:19.936794,BTCUSDT,28874.99000000
2023-05-04 23:41:20.153966,ETHUSDT,1876.31000000
2023-05-04 23:41:20.373419,BTCUSDT,28874.99000000
2023-05-04 23:41:20.592871,ETHUSDT,1876.31000000
2023-05-04 23:41:20.806242,BTCUSDT,28874.99000000
2023-05-04 23:41:21.010346,ETHUSDT,1876.31000000
2023-05-04 23:41:21.220839,BTCUSDT,28875.00000000
2023-05-04 23:41:21.435584,ETHUSDT,1876.31000000
2023-05-04 23:41:21.647221,BTCUSDT,28875.00000000
2023-05-04 23:41:21.861791,ETHUSDT,1876.31000000
2023-05-04 23:41:22.080645,BTCUSDT,28875.00000000
2023-05-04 23:41:22.296932,ETHUSDT,1876.31000000
2023-05-04 23:41:22.513873,BTCUSDT,28875.00000000
2023-05-04 23:41:22.728626,ETHUSDT,1876.31000000
2023-05-04 23:41:22.946173,BTCUSDT,28875.98000000
2023-05-04 23:41:23.169725,ETHUSDT,1876.31000000
2023-05-04 23:41:23.394834,BTCUSDT,28876.78000000
2023-05-04 23:41:23.618810,ETHUSDT,1876.31000000
2023-05-04 23:41:23.832290,BTCUSDT,28876.78000000
2023-05-04 23:41:24.059369,ETHUSDT,1876.31000000
2023-05-04 23:41:24.275228,BTCUSDT,28876.78000000
2023-05-04 23:41:24.485904,ETHUSDT,1876.31000000
2023-05-04 23:41:25.024354,BTCUSDT,28876.78000000
2023-05-04 23:41:25.245733,ETHUSDT,1876.31000000
2023-05-04 23:41:25.461171,BTCUSDT,28876.78000000
2023-05-04 23:41:25.683364,ETHUSDT,1876.30000000
2023-05-04 23:41:25.900380,BTCUSDT,28876.78000000
2023-05-04 23:41:26.113802,ETHUSDT,1876.31000000
2023-05-04 23:41:26.326793,BTCUSDT,28876.78000000
2023-05-04 23:41:26.643253,ETHUSDT,1876.31000000
2023-05-04 23:41:26.861195,BTCUSDT,28876.78000000
2023-05-04 23:41:27.075280,ETHUSDT,1876.31000000
2023-05-04 23:41:27.287504,BTCUSDT,28876.78000000
2023-05-04 23:41:27.509293,ETHUSDT,1876.30000000
2023-05-04 23:41:28.021529,BTCUSDT,28876.78000000
2023-05-04 23:41:28.244782,ETHUSDT,1876.30000000
2023-05-04 23:41:28.454831,BTCUSDT,28876.77000000
2023-05-04 23:41:28.672012,ETHUSDT,1876.30000000
2023-05-04 23:41:28.891371,BTCUSDT,28876.77000000
2023-05-04 23:41:29.111898,ETHUSDT,1876.31000000
2023-05-04 23:41:29.339191,BTCUSDT,28876.77000000
2023-05-04 23:41:29.551282,ETHUSDT,1876.31000000
2023-05-04 23:41:29.776350,BTCUSDT,28876.77000000
2023-05-04 23:41:29.992525,ETHUSDT,1876.30000000
2023-05-04 23:41:30.215479,BTCUSDT,28876.77000000
2023-05-04 23:41:30.427169,ETHUSDT,1876.31000000
2023-05-04 23:41:30.644467,BTCUSDT,28876.77000000
2023-05-04 23:41:31.169029,ETHUSDT,1876.30000000
2023-05-04 23:41:31.699673,BTCUSDT,28872.48000000
2023-05-04 23:41:31.925894,ETHUSDT,1875.82000000
2023-05-04 23:41:32.142056,BTCUSDT,28871.99000000
2023-05-04 23:41:32.364436,ETHUSDT,1875.82000000
2023-05-04 23:41:32.574615,BTCUSDT,28871.99000000
2023-05-04 23:41:32.785488,ETHUSDT,1875.82000000
2023-05-04 23:41:32.998135,BTCUSDT,28871.24000000
2023-05-04 23:41:33.216750,ETHUSDT,1875.82000000
2023-05-04 23:41:33.435205,BTCUSDT,28871.24000000
2023-05-04 23:41:33.661793,ETHUSDT,1875.82000000
2023-05-04 23:41:33.881963,BTCUSDT,28871.99000000
2023-05-04 23:41:34.105471,ETHUSDT,1875.82000000
2023-05-04 23:41:34.325223,BTCUSDT,28871.99000000
2023-05-04 23:41:34.541564,ETHUSDT,1875.89000000
2023-05-04 23:41:34.758335,BTCUSDT,28872.00000000
2023-05-04 23:41:34.982087,ETHUSDT,1875.89000000
2023-05-04 23:41:35.197103,BTCUSDT,28871.99000000
2023-05-04 23:41:35.406711,ETHUSDT,1875.89000000
2023-05-04 23:41:35.623388,BTCUSDT,28871.99000000
2023-05-04 23:41:35.848328,ETHUSDT,1875.89000000
2023-05-04 23:41:36.066869,BTCUSDT,28871.99000000
2023-05-04 23:41:36.274865,ETHUSDT,1875.90000000
2023-05-04 23:41:36.493750,BTCUSDT,28871.99000000
2023-05-04 23:41:37.022991,ETHUSDT,1875.90000000
2023-05-04 23:41:37.232623,BTCUSDT,28871.99000000
2023-05-04 23:41:37.453235,ETHUSDT,1875.90000000
2023-05-04 23:41:37.654546,BTCUSDT,28871.99000000
2023-05-04 23:41:37.860777,ETHUSDT,1875.90000000
2023-05-04 23:41:38.078144,BTCUSDT,28871.99000000
2023-05-04 23:41:38.288780,ETHUSDT,1875.90000000
2023-05-04 23:41:38.506430,BTCUSDT,28871.99000000
2023-05-04 23:41:38.715349,ETHUSDT,1875.90000000
2023-05-04 23:41:38.935075,BTCUSDT,28872.00000000
2023-05-04 23:41:39.154272,ETHUSDT,1875.90000000
2023-05-04 23:41:39.369687,BTCUSDT,28871.99000000
2023-05-04 23:41:39.581195,ETHUSDT,1875.90000000
2023-05-04 23:41:39.785741,BTCUSDT,28871.99000000
2023-05-04 23:41:40.000058,ETHUSDT,1875.90000000
2023-05-04 23:41:40.215762,BTCUSDT,28871.12000000
2023-05-04 23:41:40.432749,ETHUSDT,1875.90000000
2023-05-04 23:41:40.686421,BTCUSDT,28871.12000000
2023-05-04 23:41:40.889324,ETHUSDT,1875.91000000
2023-05-04 23:41:41.104241,BTCUSDT,28871.11000000
2023-05-04 23:41:41.320356,ETHUSDT,1875.91000000
2023-05-04 23:41:41.541977,BTCUSDT,28871.11000000
2023-05-04 23:41:41.751261,ETHUSDT,1875.91000000
2023-05-04 23:41:41.963128,BTCUSDT,28871.11000000
2023-05-04 23:41:42.184230,ETHUSDT,1875.91000000
2023-05-04 23:41:42.401339,BTCUSDT,28871.12000000
2023-05-04 23:41:42.947865,ETHUSDT,1875.91000000
2023-05-04 23:41:43.159644,BTCUSDT,28871.08000000
2023-05-04 23:41:43.376892,ETHUSDT,1875.81000000
2023-05-04 23:41:43.599069,BTCUSDT,28868.00000000
2023-05-04 23:41:43.812717,ETHUSDT,1875.80000000
2023-05-04 23:41:44.020913,BTCUSDT,28867.15000000
2023-05-04 23:41:44.229174,ETHUSDT,1875.80000000
2023-05-04 23:41:44.433129,BTCUSDT,28866.38000000
2023-05-04 23:41:44.652530,ETHUSDT,1875.80000000
2023-05-04 23:41:44.865890,BTCUSDT,28866.38000000
2023-05-04 23:41:45.082963,ETHUSDT,1875.80000000
2023-05-04 23:41:45.296509,BTCUSDT,28866.38000000
2023-05-04 23:41:45.511949,ETHUSDT,1875.80000000
2023-05-04 23:41:45.726794,BTCUSDT,28866.38000000
2023-05-04 23:41:45.946480,ETHUSDT,1875.80000000
2023-05-04 23:41:46.160703,BTCUSDT,28866.38000000
2023-05-04 23:41:46.386572,ETHUSDT,1875.80000000
2023-05-04 23:41:46.668867,BTCUSDT,28866.38000000
2023-05-04 23:41:46.887055,ETHUSDT,1875.80000000
2023-05-04 23:41:47.102530,BTCUSDT,28866.39000000
2023-05-04 23:41:47.317145,ETHUSDT,1875.80000000
2023-05-04 23:41:47.534621,BTCUSDT,28866.39000000
2023-05-04 23:41:47.742054,ETHUSDT,1875.80000000
2023-05-04 23:41:47.955391,BTCUSDT,28866.39000000
2023-05-04 23:41:48.158963,ETHUSDT,1875.80000000
2023-05-04 23:41:48.371292,BTCUSDT,28866.39000000
2023-05-04 23:41:48.589502,ETHUSDT,1875.80000000
2023-05-04 23:41:48.801188,BTCUSDT,28866.39000000
2023-05-04 23:41:49.018663,ETHUSDT,1875.76000000
2023-05-04 23:41:49.541807,BTCUSDT,28866.39000000
2023-05-04 23:41:49.758472,ETHUSDT,1875.67000000
2023-05-04 23:41:49.979427,BTCUSDT,28864.84000000
2023-05-04 23:41:50.193347,ETHUSDT,1875.61000000
2023-05-04 23:41:50.405500,BTCUSDT,28864.84000000
2023-05-04 23:41:50.621403,ETHUSDT,1875.60000000
2023-05-04 23:41:50.838642,BTCUSDT,28864.84000000
2023-05-04 23:41:51.052179,ETHUSDT,1875.60000000
2023-05-04 23:41:51.274250,BTCUSDT,28864.84000000
2023-05-04 23:41:51.482636,ETHUSDT,1875.60000000
2023-05-04 23:41:51.704756,BTCUSDT,28864.85000000
2023-05-04 23:41:51.925868,ETHUSDT,1875.60000000
2023-05-04 23:41:52.136692,BTCUSDT,28864.85000000
2023-05-04 23:41:52.367488,ETHUSDT,1875.60000000
2023-05-04 23:41:52.611224,BTCUSDT,28864.85000000
2023-05-04 23:41:52.812932,ETHUSDT,1875.60000000
2023-05-04 23:41:53.019646,BTCUSDT,28864.84000000
2023-05-04 23:41:53.249569,ETHUSDT,1875.60000000
2023-05-04 23:41:53.455562,BTCUSDT,28863.65000000
2023-05-04 23:41:53.670402,ETHUSDT,1875.60000000
2023-05-04 23:41:53.881946,BTCUSDT,28863.65000000
2023-05-04 23:41:54.102780,ETHUSDT,1875.60000000
2023-05-04 23:41:54.324827,BTCUSDT,28863.65000000
2023-05-04 23:41:54.536026,ETHUSDT,1875.60000000
2023-05-04 23:41:54.757927,BTCUSDT,28863.65000000
2023-05-04 23:41:54.971929,ETHUSDT,1875.60000000
2023-05-04 23:41:55.189788,BTCUSDT,28863.65000000
2023-05-04 23:41:55.410564,ETHUSDT,1875.60000000
2023-05-04 23:41:55.623370,BTCUSDT,28863.65000000
2023-05-04 23:41:55.847334,ETHUSDT,1875.60000000
2023-05-04 23:41:56.065349,BTCUSDT,28863.65000000
2023-05-04 23:41:56.289061,ETHUSDT,1875.60000000
2023-05-04 23:41:56.510687,BTCUSDT,28863.40000000
2023-05-04 23:41:56.722312,ETHUSDT,1875.60000000
2023-05-04 23:41:56.939447,BTCUSDT,28863.40000000
2023-05-04 23:41:57.148690,ETHUSDT,1875.60000000
2023-05-04 23:41:57.365922,BTCUSDT,28863.40000000
2023-05-04 23:41:57.581381,ETHUSDT,1875.60000000
2023-05-04 23:41:57.782214,BTCUSDT,28863.41000000
2023-05-04 23:41:58.001496,ETHUSDT,1875.60000000
2023-05-04 23:41:58.223513,BTCUSDT,28863.41000000
2023-05-04 23:41:58.437024,ETHUSDT,1875.60000000
2023-05-04 23:41:58.660838,BTCUSDT,28863.40000000
2023-05-04 23:41:58.879302,ETHUSDT,1875.60000000
2023-05-04 23:41:59.090499,BTCUSDT,28863.40000000
2023-05-04 23:41:59.305311,ETHUSDT,1875.60000000
2023-05-04 23:41:59.523828,BTCUSDT,28863.40000000
2023-05-04 23:41:59.740070,ETHUSDT,1875.61000000
2023-05-04 23:41:59.958172,BTCUSDT,28863.40000000
2023-05-04 23:42:00.165841,ETHUSDT,1875.61000000
2023-05-04 23:42:00.392176,BTCUSDT,28863.40000000
2023-05-04 23:42:00.606526,ETHUSDT,1875.60000000
2023-05-04 23:42:00.820502,BTCUSDT,28863.40000000
2023-05-04 23:42:01.038303,ETHUSDT,1875.60000000
2023-05-04 23:42:01.255270,BTCUSDT,28863.41000000
2023-05-04 23:42:01.472228,ETHUSDT,1875.60000000
2023-05-04 23:42:01.688249,BTCUSDT,28863.41000000
2023-05-04 23:42:01.912095,ETHUSDT,1875.61000000
2023-05-04 23:42:02.132695,BTCUSDT,28865.48000000
2023-05-04 23:42:02.345083,ETHUSDT,1875.73000000
2023-05-04 23:42:02.557962,BTCUSDT,28869.33000000
2023-05-04 23:42:02.768605,ETHUSDT,1875.80000000
2023-05-04 23:42:02.975091,BTCUSDT,28869.66000000
2023-05-04 23:42:03.193069,ETHUSDT,1875.85000000
2023-05-04 23:42:03.412000,BTCUSDT,28869.65000000
2023-05-04 23:42:03.635760,ETHUSDT,1875.92000000
2023-05-04 23:42:03.855003,BTCUSDT,28869.65000000
2023-05-04 23:42:04.074586,ETHUSDT,1875.92000000
2023-05-04 23:42:04.294121,BTCUSDT,28869.66000000
2023-05-04 23:42:04.512253,ETHUSDT,1875.93000000
2023-05-04 23:42:04.733564,BTCUSDT,28869.66000000
2023-05-04 23:42:04.946058,ETHUSDT,1875.93000000
2023-05-04 23:42:05.165421,BTCUSDT,28869.65000000
2023-05-04 23:42:05.377894,ETHUSDT,1875.93000000
2023-05-04 23:42:05.594650,BTCUSDT,28869.65000000
2023-05-04 23:42:05.801447,ETHUSDT,1875.93000000
2023-05-04 23:42:06.017447,BTCUSDT,28869.65000000
2023-05-04 23:42:06.242791,ETHUSDT,1875.93000000
2023-05-04 23:42:06.462874,BTCUSDT,28869.65000000
2023-05-04 23:42:06.675971,ETHUSDT,1875.93000000
2023-05-04 23:42:06.891816,BTCUSDT,28869.65000000
2023-05-04 23:42:07.110892,ETHUSDT,1875.93000000
2023-05-04 23:42:07.325345,BTCUSDT,28869.65000000
2023-05-04 23:42:07.529885,ETHUSDT,1875.93000000
2023-05-04 23:42:07.740027,BTCUSDT,28869.65000000
2023-05-04 23:42:07.949607,ETHUSDT,1875.93000000
2023-05-04 23:42:08.156986,BTCUSDT,28869.65000000
2023-05-04 23:42:08.382725,ETHUSDT,1875.93000000
2023-05-04 23:42:08.607479,BTCUSDT,28869.65000000
2023-05-04 23:42:08.822945,ETHUSDT,1875.93000000
2023-05-04 23:42:09.042277,BTCUSDT,28869.66000000
2023-05-04 23:42:09.260843,ETHUSDT,1875.93000000
2023-05-04 23:42:09.478302,BTCUSDT,28869.66000000
2023-05-04 23:42:09.694341,ETHUSDT,1875.93000000
2023-05-04 23:42:09.911432,BTCUSDT,28869.65000000
2023-05-04 23:42:10.125631,ETHUSDT,1875.93000000
2023-05-04 23:42:10.336376,BTCUSDT,28869.65000000
2023-05-04 23:42:10.556431,ETHUSDT,1875.93000000
2023-05-04 23:42:10.769166,BTCUSDT,28869.65000000
2023-05-04 23:42:10.980485,ETHUSDT,1875.94000000
2023-05-04 23:42:11.191691,BTCUSDT,28869.65000000
2023-05-04 23:42:11.419540,ETHUSDT,1875.94000000
2023-05-04 23:42:11.644928,BTCUSDT,28869.65000000
2023-05-04 23:42:11.867261,ETHUSDT,1875.94000000
2023-05-04 23:42:12.086337,BTCUSDT,28869.65000000
2023-05-04 23:42:12.306945,ETHUSDT,1875.94000000
2023-05-04 23:42:12.523585,BTCUSDT,28869.40000000
2023-05-04 23:42:12.749968,ETHUSDT,1875.93000000
2023-05-04 23:42:12.950765,BTCUSDT,28869.40000000
2023-05-04 23:42:13.172218,ETHUSDT,1875.93000000
2023-05-04 23:42:13.387278,BTCUSDT,28869.39000000
2023-05-04 23:42:13.974446,ETHUSDT,1875.94000000
2023-05-04 23:42:14.189450,BTCUSDT,28869.39000000
2023-05-04 23:42:14.411829,ETHUSDT,1875.93000000
2023-05-04 23:42:14.625835,BTCUSDT,28869.40000000
2023-05-04 23:42:14.831833,ETHUSDT,1875.93000000
2023-05-04 23:42:15.048476,BTCUSDT,28869.39000000
2023-05-04 23:42:15.254849,ETHUSDT,1875.93000000
2023-05-04 23:42:15.466306,BTCUSDT,28869.39000000
2023-05-04 23:42:15.675755,ETHUSDT,1875.66000000
2023-05-04 23:42:15.896117,BTCUSDT,28866.89000000
2023-05-04 23:42:16.110229,ETHUSDT,1875.66000000
2023-05-04 23:42:16.340696,BTCUSDT,28866.89000000
2023-05-04 23:42:16.559133,ETHUSDT,1875.62000000
2023-05-04 23:42:16.777668,BTCUSDT,28866.40000000
2023-05-04 23:42:17.012663,ETHUSDT,1875.62000000
2023-05-04 23:42:17.235569,BTCUSDT,28866.40000000
2023-05-04 23:42:17.450365,ETHUSDT,1875.62000000
2023-05-04 23:42:17.654826,BTCUSDT,28866.40000000
2023-05-04 23:42:17.862403,ETHUSDT,1875.62000000
2023-05-04 23:42:18.079683,BTCUSDT,28866.39000000
2023-05-04 23:42:18.292099,ETHUSDT,1875.62000000
2023-05-04 23:42:18.507694,BTCUSDT,28866.39000000
2023-05-04 23:42:18.716974,ETHUSDT,1875.62000000
2023-05-04 23:42:18.940021,BTCUSDT,28866.39000000
2023-05-04 23:42:19.165101,ETHUSDT,1875.61000000
2023-05-04 23:42:19.377727,BTCUSDT,28866.39000000
2023-05-04 23:42:19.596513,ETHUSDT,1875.61000000
2023-05-04 23:42:19.808693,BTCUSDT,28866.39000000
2023-05-04 23:42:20.022944,ETHUSDT,1875.62000000
2023-05-04 23:42:20.234036,BTCUSDT,28866.39000000
2023-05-04 23:42:20.451391,ETHUSDT,1875.62000000
2023-05-04 23:42:20.670171,BTCUSDT,28866.39000000
2023-05-04 23:42:20.896265,ETHUSDT,1875.61000000
2023-05-04 23:42:21.104837,BTCUSDT,28866.39000000
2023-05-04 23:42:21.322710,ETHUSDT,1875.61000000
2023-05-04 23:42:21.544236,BTCUSDT,28863.74000000
2023-05-04 23:42:21.753020,ETHUSDT,1875.62000000
2023-05-04 23:42:21.966778,BTCUSDT,28863.74000000
2023-05-04 23:42:22.182593,ETHUSDT,1875.61000000
2023-05-04 23:42:22.388724,BTCUSDT,28863.74000000
2023-05-04 23:42:22.608869,ETHUSDT,1875.61000000
2023-05-04 23:42:23.180955,BTCUSDT,28860.75000000
2023-05-04 23:42:23.395699,ETHUSDT,1875.61000000
2023-05-04 23:42:23.612190,BTCUSDT,28860.76000000
2023-05-04 23:42:24.203284,ETHUSDT,1875.60000000
2023-05-04 23:42:24.818693,BTCUSDT,28860.75000000
2023-05-04 23:42:25.036118,ETHUSDT,1875.61000000
2023-05-04 23:42:25.241093,BTCUSDT,28860.76000000
2023-05-04 23:42:25.456377,ETHUSDT,1875.61000000
2023-05-04 23:42:25.660795,BTCUSDT,28860.76000000
2023-05-04 23:42:26.180396,ETHUSDT,1875.60000000
2023-05-04 23:42:26.393178,BTCUSDT,28860.76000000
2023-05-04 23:42:26.683636,ETHUSDT,1875.60000000
2023-05-04 23:42:26.890576,BTCUSDT,28860.76000000
2023-05-04 23:42:27.384173,ETHUSDT,1875.60000000
2023-05-04 23:42:27.591212,BTCUSDT,28860.75000000
2023-05-04 23:42:27.790439,ETHUSDT,1875.61000000
2023-05-04 23:42:27.997557,BTCUSDT,28860.75000000
2023-05-04 23:42:28.493027,ETHUSDT,1875.61000000
2023-05-04 23:42:28.719614,BTCUSDT,28860.75000000
2023-05-04 23:42:29.320291,ETHUSDT,1875.61000000
2023-05-04 23:42:29.831065,BTCUSDT,28860.75000000
2023-05-04 23:42:30.051114,ETHUSDT,1875.61000000
2023-05-04 23:42:30.650931,BTCUSDT,28860.75000000
2023-05-04 23:42:30.869081,ETHUSDT,1875.61000000
2023-05-04 23:42:31.079659,BTCUSDT,28850.00000000
2023-05-04 23:42:31.294462,ETHUSDT,1874.46000000
2023-05-04 23:42:31.513986,BTCUSDT,28840.61000000
2023-05-04 23:42:31.728692,ETHUSDT,1874.29000000
2023-05-04 23:42:31.941854,BTCUSDT,28839.21000000
2023-05-04 23:42:32.152663,ETHUSDT,1873.84000000
2023-05-04 23:42:32.370695,BTCUSDT,28828.12000000
2023-05-04 23:42:32.585654,ETHUSDT,1873.81000000
2023-05-04 23:42:32.802111,BTCUSDT,28828.47000000
2023-05-04 23:42:33.016541,ETHUSDT,1873.81000000
2023-05-04 23:42:33.236774,BTCUSDT,28830.59000000
2023-05-04 23:42:33.449587,ETHUSDT,1873.80000000
2023-05-04 23:42:33.660091,BTCUSDT,28830.58000000
2023-05-04 23:42:33.874321,ETHUSDT,1873.80000000
2023-05-04 23:42:34.089499,BTCUSDT,28830.59000000
2023-05-04 23:42:34.308975,ETHUSDT,1873.78000000
2023-05-04 23:42:34.527963,BTCUSDT,28831.73000000
2023-05-04 23:42:34.737871,ETHUSDT,1873.79000000
2023-05-04 23:42:35.227393,BTCUSDT,28831.73000000
2023-05-04 23:42:35.436520,ETHUSDT,1873.79000000
2023-05-04 23:42:35.656245,BTCUSDT,28831.73000000
2023-05-04 23:42:35.867147,ETHUSDT,1873.50000000
2023-05-04 23:42:36.066918,BTCUSDT,28831.73000000
2023-05-04 23:42:36.277209,ETHUSDT,1873.51000000
2023-05-04 23:42:36.896440,BTCUSDT,28831.72000000
2023-05-04 23:42:37.114301,ETHUSDT,1873.50000000
2023-05-04 23:42:37.329251,BTCUSDT,28831.72000000
2023-05-04 23:42:37.542545,ETHUSDT,1873.51000000
2023-05-04 23:42:37.744180,BTCUSDT,28831.72000000
2023-05-04 23:42:37.950027,ETHUSDT,1873.50000000
2023-05-04 23:42:38.167480,BTCUSDT,28831.73000000
2023-05-04 23:42:38.378692,ETHUSDT,1873.50000000
2023-05-04 23:42:38.590223,BTCUSDT,28831.72000000
2023-05-04 23:42:38.803896,ETHUSDT,1873.50000000
2023-05-04 23:42:39.013670,BTCUSDT,28831.72000000
2023-05-04 23:42:39.235203,ETHUSDT,1873.51000000
2023-05-04 23:42:39.447468,BTCUSDT,28831.72000000
2023-05-04 23:42:39.673474,ETHUSDT,1873.51000000
2023-05-04 23:42:39.891524,BTCUSDT,28831.72000000
2023-05-04 23:42:40.096172,ETHUSDT,1873.51000000
2023-05-04 23:42:40.313500,BTCUSDT,28831.72000000
2023-05-04 23:42:40.532244,ETHUSDT,1873.51000000
2023-05-04 23:42:40.747964,BTCUSDT,28831.72000000
2023-05-04 23:42:40.957292,ETHUSDT,1873.51000000
2023-05-04 23:42:41.163263,BTCUSDT,28831.72000000
2023-05-04 23:42:41.389555,ETHUSDT,1873.51000000
2023-05-04 23:42:41.605010,BTCUSDT,28831.73000000
2023-05-04 23:42:41.817765,ETHUSDT,1873.51000000
2023-05-04 23:42:42.028553,BTCUSDT,28831.72000000
2023-05-04 23:42:42.247036,ETHUSDT,1873.51000000
2023-05-04 23:42:42.466235,BTCUSDT,28831.73000000
2023-05-04 23:42:42.691288,ETHUSDT,1873.51000000
2023-05-04 23:42:42.902699,BTCUSDT,28831.73000000
2023-05-04 23:42:43.119706,ETHUSDT,1873.51000000
2023-05-04 23:42:43.329160,BTCUSDT,28831.72000000
2023-05-04 23:42:43.550213,ETHUSDT,1873.51000000
2023-05-04 23:42:43.771614,BTCUSDT,28831.72000000
2023-05-04 23:42:43.985075,ETHUSDT,1873.51000000
2023-05-04 23:42:44.201463,BTCUSDT,28831.73000000
2023-05-04 23:42:44.423114,ETHUSDT,1873.51000000
2023-05-04 23:42:44.981050,BTCUSDT,28831.73000000
2023-05-04 23:42:45.202628,ETHUSDT,1873.51000000
2023-05-04 23:42:45.422673,BTCUSDT,28831.73000000
2023-05-04 23:42:45.636661,ETHUSDT,1873.51000000
2023-05-04 23:42:45.845814,BTCUSDT,28831.73000000
2023-05-04 23:42:46.049262,ETHUSDT,1873.51000000
2023-05-04 23:42:46.264133,BTCUSDT,28831.73000000
2023-05-04 23:42:46.471761,ETHUSDT,1873.50000000
2023-05-04 23:42:46.685701,BTCUSDT,28831.72000000
2023-05-04 23:42:46.890257,ETHUSDT,1873.50000000
2023-05-04 23:42:47.109685,BTCUSDT,28831.72000000
2023-05-04 23:42:47.314307,ETHUSDT,1873.50000000
2023-05-04 23:42:47.518065,BTCUSDT,28831.73000000
2023-05-04 23:42:47.727589,ETHUSDT,1873.51000000
2023-05-04 23:42:48.215393,BTCUSDT,28831.72000000
2023-05-04 23:42:48.424619,ETHUSDT,1873.51000000
2023-05-04 23:42:48.642449,BTCUSDT,28831.73000000
2023-05-04 23:42:48.849403,ETHUSDT,1873.51000000
2023-05-04 23:42:49.059575,BTCUSDT,28831.73000000
2023-05-04 23:42:49.269026,ETHUSDT,1873.51000000
2023-05-04 23:42:49.479450,BTCUSDT,28831.73000000
2023-05-04 23:42:49.699496,ETHUSDT,1873.51000000
2023-05-04 23:42:49.917881,BTCUSDT,28831.73000000
2023-05-04 23:42:50.135670,ETHUSDT,1873.51000000
2023-05-04 23:42:50.352143,BTCUSDT,28831.73000000
2023-05-04 23:42:50.566828,ETHUSDT,1873.50000000
2023-05-04 23:42:50.765010,BTCUSDT,28831.73000000
2023-05-04 23:42:51.282890,ETHUSDT,1873.41000000
2023-05-04 23:42:51.498547,BTCUSDT,28831.73000000
2023-05-04 23:42:51.710930,ETHUSDT,1873.41000000
2023-05-04 23:42:51.919196,BTCUSDT,28831.73000000
2023-05-04 23:42:52.181183,ETHUSDT,1873.41000000
2023-05-04 23:42:52.384053,BTCUSDT,28831.73000000
2023-05-04 23:42:52.594642,ETHUSDT,1873.40000000
2023-05-04 23:42:52.802780,BTCUSDT,28831.73000000
2023-05-04 23:42:53.015047,ETHUSDT,1873.41000000
2023-05-04 23:42:53.213873,BTCUSDT,28831.73000000
2023-05-04 23:42:53.424546,ETHUSDT,1873.40000000
2023-05-04 23:42:53.641842,BTCUSDT,28831.73000000
2023-05-04 23:42:53.858152,ETHUSDT,1873.40000000
2023-05-04 23:42:54.067003,BTCUSDT,28831.73000000
2023-05-04 23:42:54.275621,ETHUSDT,1873.40000000
2023-05-04 23:42:54.490043,BTCUSDT,28831.73000000
2023-05-04 23:42:54.704103,ETHUSDT,1873.40000000
2023-05-04 23:42:54.917836,BTCUSDT,28831.72000000
2023-05-04 23:42:55.121194,ETHUSDT,1873.40000000
2023-05-04 23:42:55.328783,BTCUSDT,28831.72000000
2023-05-04 23:42:55.539810,ETHUSDT,1873.40000000
2023-05-04 23:42:55.744412,BTCUSDT,28831.73000000
2023-05-04 23:42:55.960259,ETHUSDT,1873.40000000
2023-05-04 23:42:56.173399,BTCUSDT,28831.72000000
2023-05-04 23:42:56.397266,ETHUSDT,1873.40000000
2023-05-04 23:42:56.606634,BTCUSDT,28831.72000000
2023-05-04 23:42:56.820444,ETHUSDT,1873.41000000
2023-05-04 23:42:57.036665,BTCUSDT,28831.72000000
2023-05-04 23:42:57.245068,ETHUSDT,1873.41000000
2023-05-04 23:42:57.463146,BTCUSDT,28831.72000000
2023-05-04 23:42:57.668530,ETHUSDT,1873.41000000
2023-05-04 23:42:57.868425,BTCUSDT,28831.72000000
2023-05-04 23:42:58.161511,ETHUSDT,1873.41000000
2023-05-04 23:42:58.391587,BTCUSDT,28831.72000000
2023-05-04 23:42:58.587482,ETHUSDT,1873.41000000
2023-05-04 23:42:58.794699,BTCUSDT,28831.72000000
2023-05-04 23:42:59.009339,ETHUSDT,1873.41000000
2023-05-04 23:42:59.231872,BTCUSDT,28831.72000000
2023-05-04 23:42:59.454737,ETHUSDT,1873.41000000
2023-05-04 23:42:59.665825,BTCUSDT,28831.72000000
2023-05-04 23:42:59.881602,ETHUSDT,1873.40000000
2023-05-04 23:43:00.099400,BTCUSDT,28831.73000000
2023-05-04 23:43:00.303068,ETHUSDT,1873.40000000
2023-05-04 23:43:00.524889,BTCUSDT,28831.73000000
2023-05-04 23:43:00.734961,ETHUSDT,1873.40000000
2023-05-04 23:43:00.944541,BTCUSDT,28831.73000000
2023-05-04 23:43:01.156973,ETHUSDT,1873.40000000
